
Rally ObjectID	Rally DisplayName	Jira DisplayName	Rally UserName	Jira UserName	Disabled	Match
10269434422	Islam, Syed	Islam, Syed	sislam@executiveboard.com	sislam	FALSE	Y
11298193526	Rastogi, Vibhor	Rastogi, Vibhor	vrastogi@executiveboard.com	vrastogi	FALSE	Y
1542175841	Iwanicki, Stasia	Iwanicki, Stasia	siwanicki@executiveboard.com	siwanicki	TRUE	Y
2183584706	Kollowru, Radha	Kollowru, Radha	sbhat@executiveboard.com	RKollowru	FALSE	Y
2183586515	Kaza, Avinash	Kaza, Avinash  [2]	akaza@executiveboard.com	AKaza	FALSE	N
2183588541	Roy, Rajdeep	Roy, Rajdeep	rroy@executiveboard.com	RRoy	FALSE	Y
2183590270	Dhanekula, Sreecharan	Charan, Sree	scharan@executiveboard.com	scharan	FALSE	N
2183590823	Nallamilli, Dharma	Reddy, Dharma	dreddy@executiveboard.com	dreddy	FALSE	N
2183591356	Shakanamoni, Srinivas	Shakanamoni, Srinivas	sshakamoni@executiveboard.com	Sshakamoni	FALSE	N
2183611320	Naseeruddin, Mohammed	Naseeruddin, Mohammed	poruganti@executiveboard.com	MNaseeruddin	FALSE	Y
2183611650	Konakalla, Ramesh	Konkala, Ramesh	rkonkala@executiveboard.com	rkonkala	TRUE	N
2183611913	Chambers, Kelly	Chambers, Kelly	kchambers@executiveboard.com	kchambers	true	Y
2183612072	Patel, Jimin	Patel, Jimin	jpatel@executiveboard.com	jpatel	false	Y
2307733832	Hayes, Jeremy	Hayes, Jeremy	jehayes@executiveboard.com	jehayes	FALSE	Y
2307735571	Gurumurthy, Sanjay	Gurumurthy, Sanjay	sgurumurthy@executiveboard.com	SGurumurthy	TRUE	Y
2307736398	Ambati, Vijay	Ambati, Vijaya Krishna	vambati@executiveboard.com	VAmbati	FALSE	N
2395866106	Vaidyanathan, Venkatesh	Vaidyanathan, Venkatesh	vvaidyanathan@executiveboard.com	vvaidyanathan	FALSE	Y
2805231055	Thielemans, Eric	Thielemans, Eric	ethielemans@executiveboard.com	ethielemans	TRUE	Y
2830541022	Athota, Raghava Babu	Athota, Raghava	rathota@executiveboard.com	rathota	TRUE	N
2881154571	Rajeshwaran, Ramakrishnan	Rajeshwaran, Ramakrishnan	nagulapati@executiveboard.com	RRajeshwaran	FALSE	Y
2881207129	Mohammed, Mansoor	Mohammed, Mansoor	mmohammed@executiveboard.com	MMohammed	FALSE	Y
2881208159	Chandrasekher, Lalitha	Chandrasekher, Lalitha	lchandrasekher@executiveboard.com	lchandrasekher	FALSE	Y
2918227604	Devalam, Chandrasekhar	Devalam, Chandrasekhar	paenugu@executiveboard.com	CDevalam	FALSE	Y
2951499844	Gujjula, Saidi Reddy	Gujjula, Saidi Reddy	sgujjula@executiveboard.com	SGujjula	FALSE	Y
2960367783	Akella, Aditya	Akella, Aditya	aakella@executiveboard.com	AAkella	FALSE	Y
3184808880	Datla, Sheshu Babu	Datla, Sheshu Babu	sdatla@executiveboard.com	SDatla	TRUE	Y
3273187635	Parida, Shounak	Parida, Shounak	sparida@executiveboard.com	sparida	FALSE	Y
3996032620	Yajamanyam, Sasi	Yajamanyam, Sasi	syajamanyam@executiveboard.com	syajamanyam	false	Y
4316907544	Hooda, Jagriti	Hooda, Jagriti	jhooda@executiveboard.com	jhooda	FALSE	Y
4316912913	Bhupathiraju, Sarathkumar	Bhupathiraju, Sarathkumar	sbhupathiraju@executiveboard.com	SBhupathiraju	FALSE	Y
5161399297	Potukuchi, Sridhar	Potukuchi, Sridhar	sridhar.potukuchi@ness.com	SPotukuchi	FALSE	Y
6176404315	Walia, Akshay	Walia, Akshay	awalia@executiveboard.com	awalia	FALSE	Y
7300374364	Kuehnemann, Aron	Kuehnemann, Aron	akuehnemann@executiveboard.com	akuehnemann	false	Y
7657233707	Agarwal, Harsh	Agarwal, Harsh	hagarwal@executiveboard.com	hagarwal	FALSE	Y
7657292842	Berg, Tyler	Berg, Tyler	tberg@executiveboard.com	tberg	FALSE	Y
7830069604	Yudkovsky, Sergey	Yudkovsky, Sergey	syudkovsky@executiveboard.com	syudkovsky	FALSE	Y
872858676	Bhatia, Mansha	Bhatia, Mansha	mabhatia@executiveboard.com	mabhatia	FALSE	Y
877019774	Gupta, Mayank	Gupta, Mayank	mayankgupta@executiveboard.com	mayankgupta	true	Y
9635926161	Aravapalli, Venkata	Aravapalli, Venkata	varavapalli@executiveboard.com	VAravapalli	FALSE	Y
9635929912	Sirangi, Aparna	Sirangi, Aparna	asirangi@executiveboard.com	ASirangi	FALSE	Y
9636021202	Vadapally, Ramu	Vadapally, Ramu	rvadapally@executiveboard.com	RVadapally	FALSE	Y
9636024616	Tankala, Kanna Babu	Tankala, Kanna Babu	ktankala@executiveboard.com	KTankala	FALSE	Y
9636115967	Sunitha, Dorothy	Sunitha, Dorothy	dsunitha@executiveboard.com	DSunitha	FALSE	Y