
Rally ObjectID	Rally DisplayName	Jira DisplayName	Rally UserName	Jira UserName	Disabled	Match
4967020297	Manchanda, Himanshu	Manchanda, Himanshu	himanshu.manchanda@globallogic.com	HManchanda	TRUE	Y
1829882842	Tibebu, Mesfin	Tibebu, Mesfin	mtibebu@executiveboard.com	mtibebu	FALSE	Y
2531764538	Bhalla, Naveen	Bhalla, Naveen	naveen.bhalla@globallogic.com	NBhalla	TRUE	Y
3952364931	Kumar, Ravi	Kumar, Ravi	ravi.k@globallogic.com	rakumar	FALSE	Y
1918416153	Shah, Mehul	Shah, Mehul	mshah@executiveboard.com	mshah	true	Y
1932301298	Khandpur, Vikas	Khandpur, Vikas	vikas.khandpur@globallogic.com	vkhandpur	FALSE	Y
5215285468	Pradeep, Kapa	Kapa, Pradeep	pkapa@executiveboard.com	pkapa	FALSE	N
4929018265	Arora, Dhruv	Arora, Dhruv	dhruv.arora@globallogic.com	darora	TRUE	Y
1516410250	Lockhart, Karen	Lockhart, Karen	klockhart@executiveboard.com	klockhart	TRUE	Y
4502655825	Agarwal, Nishima	<?jiraDisplayName?>	nishima.agarwal@globallogic.com	<?jiraUserName?>	true	N
2395866106	Vaidyanathan, Venkatesh	Vaidyanathan, Venkatesh	vvaidyanathan@executiveboard.com	vvaidyanathan	FALSE	Y
1530312672	Pallepati, Naveen	Pallepati, Naveen	npallepati@executiveboard.com	npallepati	FALSE	Y
3687456794	Kumar, Ashok	Kumar, Ashok  [2]	ashkumar@executiveboard.com	ashkumar	FALSE	N
4504603999	Pucciarelli, Fabian	Pucciarelli, Fabian	fabian.pucciarelli@globallogic.com	FPucciarelli	true	Y
1558395930	Yahya, Atif	Yahya, Atif	atif.yahya@globallogic.com	ayahya	FALSE	Y
5103186984	Agnihotri, Mani	agnihotri, mani	mani.agnihotri@globallogic.com	magnihotri	FALSE	N
3679737133	Tiwari, Ajay	rally_jira_migration	ajay.tiwari@globallogic.com	rally_jira_migration	FALSE	N
1733151151	Hathaway, Todd	Hathaway, Todd	thathaway@executiveboard.com	thathaway	true	Y
2142179436	Sihag, Usha	Sihag, Usha	usha.sihag@globallogic.com	USihag	FALSE	Y
3832073601	Saxena, Gaurav	Saxena, Gaurav	g.saxena@globallogic.com	GSaxena	FALSE	Y
3960528006	Nair, Sindhu	Nair, Sindhu	snair@executiveboard.com	snair	FALSE	Y
5231340154	Pandey, Shailesh	Pandey, Shailesh Kumar	shailesh.pandey@globallogic.com	SPandey	FALSE	N
877206061	Patil, Abhijit	Patil, Abhijit	apatil@executiveboard.com	apatil	FALSE	Y
3006901593	Batra, Shilpa	Batra, Shilpa	shilpa.batra@globallogic.com	shbatra	FALSE	Y
1932301298	Khandpur, Vikas	Khandpur, Vikas	vikas.khandpur@globallogic.com	vkhandpur	FALSE	Y
1520039790	Gulati, Gurmeet	Gulati, Gurmeet	gurmeet.gulati@globallogic.com	ggulati	true	Y
1530380389	Ponnada, Subhadra	Ponnada, Subhadra	sponnada@executiveboard.com	sponnada	FALSE	Y
1122101156	McCarey, David	McCarey, David	dmccarey@executiveboard.com	dmccarey	TRUE	Y
2142177801	, Marcelo	rally_jira_migration	mmalagrino@cubika.com	rally_jira_migration	true	N
2222323191	, Dhejo	Vanissery, Dhejo	d.vanissery@globallogic.com	Dvanissery	FALSE	N
7926921955	Misquith, Damien	Misquith, Damien	dmisquith@executiveboard.com	dmisquith	FALSE	Y
5222519797	Reddy, Sumanth	Reddy Velma, Sumanth	sreddy@executiveboard.com	sreddy	FALSE	N
2142178390	Upadhyay, Bhuwan	Upadhyay, Bhuwan	bhuwan.upadhyay@globallogic.com	BUpadhyay	FALSE	Y
1520048135	Armentrout, David	Armentrout, David	darmentrout@executiveboard.com	darmentrout	true	Y
1983199618	Kataria, Ankur	Kataria, Ankur	ankur.kataria@globallogic.com	AKataria	FALSE	Y
1872108300	Rajan, Vivek	Rajan, Vivek	vivek.rajan@globallogic.com	VAditya	FALSE	Y
9134615791	Dasari, Sreedhar	Dasari, Sreedhar	sdasari@executiveboard.com	sdasari	FALSE	Y
2266395128	Bhatia, Saurabh	Bhatia, Saurabh	saurabh.bhatia@globallogic.com	SBhatia	TRUE	Y
4967015652	Garg, Sachin	Garg, Sachin	sachin.garg1@globallogic.com	SGarg	FALSE	Y
2249934955	Srivastava, Arvind	Srivastava, Arvind	arvind.srivastava@globallogic.com	ASrivastava	FALSE	Y
1541297834	Anderson, Amanda	Anderson, Amanda	aanderson@executiveboard.com	aheagy	false	Y
6709251322	Kothari, Yashodhan	Kothari, Yashodhan	yashodhan.kothari@globallogic.com	YKothari	TRUE	Y
2710106608	Singh, Satendra	Singh, Satendra	satendra.singh@globallogic.com	satesingh	FALSE	Y
2034391977	Kumar, Ashish	Kumar, Ashish	ashish@quovantis.com	AKumar	FALSE	Y
4967015652	Garg, Sachin	Garg, Sachin	sachin.garg1@globallogic.com	SGarg	FALSE	Y
4928977314	Rodriguez, Gustavo	Rodriguez, Gustavo	gustavo.rodriguez@globallogic.com	GRodriguez	FALSE	Y
1971119504	Raheja, Gaurav	Raheja, Gaurav	gaurav.raheja@globallogic.com	GRaheja	FALSE	Y
1530371930	Bisht, Ravindra	Bisht, Ravindra	rbisht@executiveboard.com	rbisht	FALSE	Y
2531732579	Mathur, Amit	Mathur, Amit	amit.mathur@globallogic.com	amathur	FALSE	Y
877206061	Patil, Abhijit	Patil, Abhijit	apatil@executiveboard.com	apatil	FALSE	Y
4966962970	Pandey, Niraj	Pandey, Niraj	niraj.pandey@globallogic.com	NPandey	FALSE	Y
4966967435	Jain, Vikas	Jain, Vikas	vikas.j@globallogic.com	ViJain	TRUE	Y
5896797944	Malhotra, Surbhi	Malhotra, Surbhi	surmalhotra@executiveboard.com	SurMalhotra	FALSE	Y
4922417137	Gupta, Nidhi	Gupta, Nidhi	nidhi.gupta@quovantis.com	NidGupta	true	Y
3575736832	Puri, Vishu	Puri, Vishu	vishu.puri@globallogic.com	VPuri	FALSE	Y
1713425445	Siryk, Rostyslav	Siryk, Rostislav	rostyslav.siryk@globallogic.com	Rsiryk	FALSE	N
6957676615	Gupta, Gautam	Gupta, Gautam	gautam.gupta@quovantis.com	GaGupta	FALSE	Y
4929018265	Arora, Dhruv	Arora, Dhruv	dhruv.arora@globallogic.com	darora	TRUE	Y
4928979319	Cerroni, Cristian	Cerroni, Cristian	cristian.cerroni@globallogic.com	CCerroni	FALSE	Y
4472073562	Topper, Seth	Topper, Seth	stopper@executiveboard.com	stopper	FALSE	Y
3952364931	Kumar, Ravi	Kumar, Ravi	ravi.k@globallogic.com	rakumar	FALSE	Y
2169012932	Kumar, Mohit	Kumar, Mohit	mohit.k@globallogic.com	mokumar	FALSE	Y
2142179204	Kumar, Praveer	Kumar, Praveer	praveer.kumar@globallogic.com	PKumar	FALSE	Y
4966996028	Jain, Bhini	Jain, Bhini	bhini.jain@globallogic.com	BJain	FALSE	Y
1530371930	Bisht, Ravindra	Bisht, Ravindra	rbisht@executiveboard.com	rbisht	FALSE	Y
877019774	Gupta, Mayank	Gupta, Mayank	mayankgupta@executiveboard.com	mayankgupta	true	Y
4966986733	Gaur, Amit	Gaur, Amit	amit.gaur@globallogic.com	AGaur	TRUE	Y
2062632050	Alafoginis Vedder, Kristina	Alafoginis Vedder, Kristina	kalafoginisvedder@executiveboard.com	kalafoginisvedder	FALSE	Y
6957676615	Gupta, Gautam	Gupta, Gautam	gautam.gupta@quovantis.com	GaGupta	FALSE	Y
4591846301	Isukapalli, Arun	Isukapalli, Arun S	aisukapalli@executiveboard.com	AIsukapalli	FALSE	N
5103186984	Agnihotri, Mani	agnihotri, mani	mani.agnihotri@globallogic.com	magnihotri	FALSE	N
2854602284	Sinha, Payal	Sinha, Payal	payal.sinha@globallogic.com	pasinha	FALSE	Y
2854602284	Sinha, Payal	Sinha, Payal	payal.sinha@globallogic.com	pasinha	FALSE	Y
3679828192	Sahoo, Gyanadeep	Sahoo, Gyanadeep	gyanadeep.sahoo@globallogic.com	GSahoo	TRUE	Y
1713410177	Dutta, Deepika	Dutta, Deepika	deepika.dutta@globallogic.com	DDutta	TRUE	Y
4940926917	Polepally, Raghav	Polepally, Raghav	rpolepally@executiveboard.com	RPolepally	FALSE	Y
2274591291	Bajaj, Alpana	Bajaj, Alpana	alpana.bajaj@globallogic.com	abajaj	FALSE	Y
3456883581	Quach, Jeff	Quach, Jeff P	jquach@executiveboard.com	JQuach	FALSE	N
2169010610	Mukherjee, Ritwik	Mukherjee, Ritwik	ritwik.mukherjee@globallogic.com	rmukherjee	TRUE	Y
4966991807	Bano, Noor	Bano, Noor	noor.bano@globallogic.com	NBano	FALSE	Y
1566989743	Sharma, Sandeep	Sharma, Sandeep	s.sharma@globallogic.com	sasharma	FALSE	Y
1686533981	Kumar, Ajit	Kumar, Ajit	ajkumar@executiveboard.com	ajkumar	TRUE	Y
2034391977	Kumar, Ashish	Kumar, Ashish	ashish@quovantis.com	AKumar	FALSE	Y
2142179436	Sihag, Usha	Sihag, Usha	usha.sihag@globallogic.com	USihag	FALSE	Y
3456883581	Quach, Jeff	Quach, Jeff P	jquach@executiveboard.com	JQuach	FALSE	N
1520035497	Jakhar, Lalit	Jakhar, Lalit	lalit.jakhar@globallogic.com	ljakhar	FALSE	Y
4504601797	Britos, Ignacio	Britos, Ignacio	ignacio.britos@globallogic.com	IBritos	TRUE	Y
5231337633	Gagliardi, Mariana	Gagliardi, Mariana	mariana.gagliardi@globallogic.com	MGagliardi	false	Y
2250735821	Jaganath, Dabbi	<?jiraDisplayName?>	jdabbi@executiveboard.com	<?jiraUserName?>	true	N
1520053667	Landry, David	Landry, David	dlandry@executiveboard.com	dlandry	true	Y
3585009621	Ortega, Mariano	Ortega, Mariano	mariano.ortega@globallogic.com	MOrtega	TRUE	Y
2531726749	Aditya, Pushkar	Aditya, Pushkar	pushkar@quovantis.com	PAditya	TRUE	Y
2307733832	Hayes, Jeremy	Hayes, Jeremy	jehayes@executiveboard.com	jehayes	FALSE	Y
2531732579	Mathur, Amit	Mathur, Amit	amit.mathur@globallogic.com	amathur	FALSE	Y
1520032053	Sharma, Pankaj	Sharma, Pankaj	pankaj.sha@globallogic.com	pasharma	FALSE	Y
2094721642	Kohli, Tarun	Kohli, Tarun	tarun@quovantis.com	tkohli	FALSE	Y
7528759450	Wolfe, Noah	Wolfe, Noah	nwolfe@executiveboard.com	nwolfe	false	Y
2142179204	Kumar, Praveer	Kumar, Praveer	praveer.kumar@globallogic.com	PKumar	FALSE	Y
7658848776	Yanamandra, Bala	Yanamandra, Bala	byanamandra@executiveboard.com	byanamandra	false	Y
7657233707	Agarwal, Harsh	Agarwal, Harsh	hagarwal@executiveboard.com	hagarwal	FALSE	Y
3799443376	Singh, RahulKumar	Kumar Singh, Rahul	rahulkumar.singh@globallogic.com	RKumarSingh	FALSE	N
7830069604	Yudkovsky, Sergey	Yudkovsky, Sergey	syudkovsky@executiveboard.com	syudkovsky	FALSE	Y
1623781511	Jackson, Bianca	Jackson, Bianca	bjackson@executiveboard.com	BJackson	true	Y
3949752244	Polm, Jason	Polm, Jason	jpolm@executiveboard.com	jpolm	FALSE	Y
5215285468	Pradeep, Kapa	Kapa, Pradeep	pkapa@executiveboard.com	pkapa	FALSE	N
2231123767	Mowatt-Kane, Waves	Mowatt-Kane, Waves	wmowattkane@executiveboard.com	wmowattkane	FALSE	Y
4591846301	Isukapalli, Arun	Isukapalli, Arun S	aisukapalli@executiveboard.com	AIsukapalli	FALSE	N
1542175841	Iwanicki, Stasia	Iwanicki, Stasia	siwanicki@executiveboard.com	siwanicki	TRUE	Y
9400950022	Anderson, Hans	Anderson, Hans	handerson@executiveboard.com	handerson	false	Y
4967183631	Joshi, NIdhi	Joshi, Nidhi	nidhi.joshi@globallogic.com	NiJoshi	TRUE	N
3575914900	Kumar, Kapil	Kumar, Kapil	kakumar@executiveboard.com	kakumar	FALSE	Y
1971119504	Raheja, Gaurav	Raheja, Gaurav	gaurav.raheja@globallogic.com	GRaheja	FALSE	Y
3679829326	Joshi, Devendra	Devender, Joshi	devendra.joshi@globallogic.com	jdevender	TRUE	N
5231335785	Mohan, Rohit	Mohan, Rohit	rohit.mohan@globallogic.com	RMohan	true	Y
2222323191	, Dhejo	Vanissery, Dhejo	d.vanissery@globallogic.com	Dvanissery	FALSE	N
9015564967	Rose, Romil	Rose, Romil	r.rose@globallogic.com	RRose	FALSE	Y
3006924484	Sharma, Manoj	Sharma, Manoj	manoj.sharma@globallogic.com	mansharma	FALSE	Y
5896797944	Malhotra, Surbhi	Malhotra, Surbhi	surmalhotra@executiveboard.com	SurMalhotra	FALSE	Y
4967187064	Choudhary, Sudhir	Choudhary, Sudhir	sudhir.choudhary@globallogic.com	SChoudhary	FALSE	Y
1733157610	Yerkie, Jason	Yerkie, Jason	jyerkie@executiveboard.com	jyerkie	true	Y
9133205992	Grimes, Scott	Grimes, Scott	scgrimes@executiveboard.com	scgrimes	FALSE	Y
4967187064	Choudhary, Sudhir	Choudhary, Sudhir	sudhir.choudhary@globallogic.com	SChoudhary	FALSE	Y
3593216359	Kumar, Rahul	Kumar, Rahul	rahul.kumar1@globallogic.com	RKumar	TRUE	Y
872858676	Bhatia, Mansha	Bhatia, Mansha	mabhatia@executiveboard.com	mabhatia	FALSE	Y
5103433721	Saxena, Ravindra	Saxena, Ravindra	ravindra.saxena@globallogic.com	RaSaxena	FALSE	Y
3679827697	Kumar, Sonil	Kumar, Sonil	sonil.kumar@globallogic.com	sokumar	FALSE	Y
4047135729	, Maximiliano	rally_jira_migration	maximiliano.martinez@globallogic.com	rally_jira_migration	TRUE	N
3575705948	Mishra, Anupam	Mishra, Anupam	anupam.mishra@globallogic.com	anmishra	FALSE	Y
5659113554	Chauhan, Anmol	Chauhan, Anmol	achauhan@executiveboard.com	AChauhan	FALSE	Y
3194966381	Grignon, Todd	Grignon, Todd	grignont@executiveboard.com	grignont	FALSE	Y
7657292842	Berg, Tyler	Berg, Tyler	tberg@executiveboard.com	tberg	FALSE	Y